{"cameraMode":{"drawMode":0,"name":"Shaded","section":"Shading Mode"},"sceneLighting":false,"audioPlay":false,"sceneViewState":{"showFog":true,"showMaterialUpdate":false,"showSkybox":false,"showFlares":true,"showImageEffects":true,"showParticleSystems":true},"in2DMode":false,"pivot":{"x":0.021656036376953126,"y":2.0952744483947756,"z":0.25379058718681338},"rotation":{"x":-0.07064338773488999,"y":0.9286661148071289,"z":-0.2376146912574768,"w":-0.27599114179611208},"size":10.41259765625,"orthographic":false}