{"cameraMode":{"drawMode":0,"name":"Shaded","section":"Shading Mode"},"sceneLighting":true,"audioPlay":false,"sceneViewState":{"showFog":true,"showMaterialUpdate":false,"showSkybox":true,"showFlares":true,"showImageEffects":true,"showParticleSystems":true},"in2DMode":false,"pivot":{"x":96.33590698242188,"y":80.18507385253906,"z":31.382633209228517},"rotation":{"x":-0.0073348162695765499,"y":0.9926376938819885,"z":-0.09047752618789673,"w":-0.08028257638216019},"size":847.4697265625,"orthographic":false}