{"cameraMode":{"drawMode":0,"name":"Shaded","section":"Shading Mode"},"sceneLighting":false,"audioPlay":false,"sceneViewState":{"showFog":true,"showMaterialUpdate":false,"showSkybox":false,"showFlares":true,"showImageEffects":true,"showParticleSystems":true},"in2DMode":false,"pivot":{"x":0.0,"y":2.3110222816467287,"z":0.3066229224205017},"rotation":{"x":-0.07064338773488999,"y":0.9286661148071289,"z":-0.2376146912574768,"w":-0.27599114179611208},"size":10.083523750305176,"orthographic":false}